timeStamp,elapsed,label,responseCode,responseMessage,threadName,dataType,success,failureMessage,bytes,sentBytes,grpThreads,allThreads,URL,Latency,IdleTime,Connect
1578491299873,241,Configure Environment Properties,200,OK,setUp Thread Group 1-1,text,true,,1,0,1,1,null,0,0,0
1578491300667,360,Login,200,OK,Main 1-3,text,true,,97533,829,4,4,https://www.bing.com:443/?toWww=1&redig=D2A4A70194554D80997785EC4167093A,147,0,79
1578491300224,805,Login,200,OK,Main 1-1,text,true,,97533,829,4,4,https://www.bing.com:443/?toWww=1&redig=34E61DA00A3B444295E82B1FBDB62692,586,0,522
1578491300667,147,Login-0,301,,Main 1-3,text,true,,1011,113,4,4,https://bing.com/,147,0,79
1578491300224,587,Login-0,301,,Main 1-1,text,true,,1011,113,4,4,https://bing.com/,586,0,522
1578491300817,138,Login-1,200,OK,Main 1-3,text,true,,95870,276,4,4,https://www.bing.com:443/?toWww=1&redig=D2A4A70194554D80997785EC4167093A,122,0,45
1578491300817,158,Login-1,200,OK,Main 1-1,text,true,,95870,276,4,4,https://www.bing.com:443/?toWww=1&redig=34E61DA00A3B444295E82B1FBDB62692,142,0,45
1578491301009,18,Login-2,200,OK,Main 1-3,bin,true,,652,440,4,4,https://www.bing.com:443/sa/simg/bing_p_rr_teal_min.ico,18,0,0
1578491301009,20,Login-2,200,OK,Main 1-1,bin,true,,652,440,4,4,https://www.bing.com:443/sa/simg/bing_p_rr_teal_min.ico,20,0,0
1578491300416,716,Login,200,OK,Main 1-2,text,true,,97533,829,4,4,https://www.bing.com:443/?toWww=1&redig=27E2D9EB41DC4C9C9D7C72B2C77E42ED,398,0,330
1578491300416,398,Login-0,301,,Main 1-2,text,true,,1011,113,4,4,https://bing.com/,398,0,330
1578491300817,279,Login-1,200,OK,Main 1-2,text,true,,95870,276,4,4,https://www.bing.com:443/?toWww=1&redig=27E2D9EB41DC4C9C9D7C72B2C77E42ED,263,0,45
1578491301113,19,Login-2,200,OK,Main 1-2,bin,true,,652,440,4,4,https://www.bing.com:443/sa/simg/bing_p_rr_teal_min.ico,19,0,0
1578491300918,246,Login,200,OK,Main 1-4,text,true,,97533,829,4,4,https://www.bing.com:443/?toWww=1&redig=64DACEAB284C4DF78E83940F8A000612,96,0,36
1578491300918,96,Login-0,301,,Main 1-4,text,true,,1011,113,4,4,https://bing.com/,96,0,36
1578491301015,129,Login-1,200,OK,Main 1-4,text,true,,95870,276,4,4,https://www.bing.com:443/?toWww=1&redig=64DACEAB284C4DF78E83940F8A000612,113,0,36
1578491301147,17,Login-2,200,OK,Main 1-4,bin,true,,652,440,4,4,https://www.bing.com:443/sa/simg/bing_p_rr_teal_min.ico,17,0,0
1578491301042,214,Search,200,OK,Main 1-1,text,true,,95944,859,5,5,https://www.bing.com:443/?toWww=1&redig=E482943EA247418BB3D2C4D618D1B4DA,60,0,0
1578491301042,60,Search-0,301,,Main 1-1,text,true,,593,402,5,5,https://bing.com/,60,0,0
1578491301103,153,Search-1,200,OK,Main 1-1,text,true,,95351,457,5,5,https://www.bing.com:443/?toWww=1&redig=E482943EA247418BB3D2C4D618D1B4DA,77,0,0
1578491301138,161,Search,200,OK,Main 1-2,text,true,,95944,859,5,5,https://www.bing.com:443/?toWww=1&redig=E4E54E525E7F494E9B535018463B1033,66,0,0
1578491301138,66,Search-0,301,,Main 1-2,text,true,,593,402,5,5,https://bing.com/,66,0,0
1578491301205,94,Search-1,200,OK,Main 1-2,text,true,,95351,457,5,5,https://www.bing.com:443/?toWww=1&redig=E4E54E525E7F494E9B535018463B1033,84,0,0
1578491301268,149,Search,200,OK,Main 1-3,text,true,,95944,859,6,6,https://www.bing.com:443/?toWww=1&redig=E8F7419CBED5491F86C7917B5E14B636,64,0,0
1578491301268,64,Search-0,301,,Main 1-3,text,true,,593,402,6,6,https://bing.com/,64,0,0
1578491301332,85,Search-1,200,OK,Main 1-3,text,true,,95351,457,6,6,https://www.bing.com:443/?toWww=1&redig=E8F7419CBED5491F86C7917B5E14B636,81,0,0
1578491301166,336,Login,200,OK,Main 1-5,text,true,,97533,829,6,6,https://www.bing.com:443/?toWww=1&redig=72CB001E0737486E885965DE4525B16E,185,0,55
1578491301166,185,Login-0,301,,Main 1-5,text,true,,1011,113,6,6,https://bing.com/,185,0,55
1578491301352,130,Login-1,200,OK,Main 1-5,text,true,,95870,276,6,6,https://www.bing.com:443/?toWww=1&redig=72CB001E0737486E885965DE4525B16E,114,0,35
1578491301484,18,Login-2,200,OK,Main 1-5,bin,true,,652,440,6,6,https://www.bing.com:443/sa/simg/bing_p_rr_teal_min.ico,18,0,0
1578491301416,258,Login,200,OK,Main 1-6,text,true,,97533,829,7,7,https://www.bing.com:443/?toWww=1&redig=4A0671C796ED41358A2585887284D7EE,101,0,37
1578491301416,101,Login-0,301,,Main 1-6,text,true,,1011,113,7,7,https://bing.com/,101,0,37
1578491301518,133,Login-1,200,OK,Main 1-6,text,true,,95870,276,7,7,https://www.bing.com:443/?toWww=1&redig=4A0671C796ED41358A2585887284D7EE,115,0,35
1578491301656,18,Login-2,200,OK,Main 1-6,bin,true,,652,440,7,7,https://www.bing.com:443/sa/simg/bing_p_rr_teal_min.ico,18,0,0
1578491301666,145,Search,200,OK,Main 1-4,text,true,,95944,859,7,7,https://www.bing.com:443/?toWww=1&redig=A66B75CD37CE4FBABB6CF045ADC10F1A,61,0,0
1578491301666,61,Search-0,301,,Main 1-4,text,true,,593,402,7,7,https://bing.com/,61,0,0
1578491301727,84,Search-1,200,OK,Main 1-4,text,true,,95351,457,7,7,https://www.bing.com:443/?toWww=1&redig=A66B75CD37CE4FBABB6CF045ADC10F1A,82,0,0
1578491301666,275,Login,200,OK,Main 1-7,text,true,,97533,829,8,8,https://www.bing.com:443/?toWww=1&redig=D6AF00FC190841F08FBB091D69260B3C,96,0,35
1578491301666,96,Login-0,301,,Main 1-7,text,true,,1011,113,8,8,https://bing.com/,96,0,35
1578491301762,149,Login-1,200,OK,Main 1-7,text,true,,95870,276,8,8,https://www.bing.com:443/?toWww=1&redig=D6AF00FC190841F08FBB091D69260B3C,130,0,47
1578491301912,29,Login-2,200,OK,Main 1-7,bin,true,,652,440,8,8,https://www.bing.com:443/sa/simg/bing_p_rr_teal_min.ico,29,0,0
1578491301889,158,Search,200,OK,Main 1-2,text,true,,97533,829,8,8,https://www.bing.com:443/?toWww=1&redig=8D0BF3980D1E4A84824811A4EA32EAFA,57,0,0
1578491301889,57,Search-0,301,,Main 1-2,text,true,,1011,113,8,8,https://bing.com/,57,0,0
1578491301947,81,Search-1,200,OK,Main 1-2,text,true,,95870,276,8,8,https://www.bing.com:443/?toWww=1&redig=8D0BF3980D1E4A84824811A4EA32EAFA,79,0,0
1578491302030,17,Search-2,200,OK,Main 1-2,bin,true,,652,440,8,8,https://www.bing.com:443/sa/simg/bing_p_rr_teal_min.ico,17,0,0
1578491301793,292,Search,200,OK,Main 1-1,text,true,,97532,829,8,8,https://www.bing.com:443/?toWww=1&redig=D8F159F8CB4A494D8FBAA03808C5556A,128,0,0
1578491301793,128,Search-0,301,,Main 1-1,text,true,,1011,113,8,8,https://bing.com/,128,0,0
1578491301922,143,Search-1,200,OK,Main 1-1,text,true,,95869,276,8,8,https://www.bing.com:443/?toWww=1&redig=D8F159F8CB4A494D8FBAA03808C5556A,142,0,0
1578491302067,18,Search-2,200,OK,Main 1-1,bin,true,,652,440,8,8,https://www.bing.com:443/sa/simg/bing_p_rr_teal_min.ico,18,0,0
1578491302066,143,Search,200,OK,Main 1-5,text,true,,95944,859,9,9,https://www.bing.com:443/?toWww=1&redig=78709B378B4D45158BFBD33123670572,62,0,0
1578491302066,62,Search-0,301,,Main 1-5,text,true,,593,402,9,9,https://bing.com/,62,0,0
1578491302128,81,Search-1,200,OK,Main 1-5,text,true,,95351,457,9,9,https://www.bing.com:443/?toWww=1&redig=78709B378B4D45158BFBD33123670572,79,0,0
1578491301916,389,Login,200,OK,Main 1-8,text,true,,97532,829,9,9,https://www.bing.com:443/?toWww=1&redig=5F8040D945374B26BA169688B35B6650,165,0,36
1578491301916,165,Login-0,301,,Main 1-8,text,true,,1011,113,9,9,https://bing.com/,165,0,36
1578491302082,198,Login-1,200,OK,Main 1-8,text,true,,95869,276,9,9,https://www.bing.com:443/?toWww=1&redig=5F8040D945374B26BA169688B35B6650,181,0,35
1578491302288,17,Login-2,200,OK,Main 1-8,bin,true,,652,440,9,9,https://www.bing.com:443/sa/simg/bing_p_rr_teal_min.ico,17,0,0
1578491302167,237,Search,200,OK,Main 1-3,text,true,,97532,829,9,9,https://www.bing.com:443/?toWww=1&redig=7066605014E5407EB8EFE2AEA2DA99E5,62,0,0
1578491302167,62,Search-0,301,,Main 1-3,text,true,,1011,113,9,9,https://bing.com/,62,0,0
1578491302229,151,Search-1,200,OK,Main 1-3,text,true,,95869,276,9,9,https://www.bing.com:443/?toWww=1&redig=7066605014E5407EB8EFE2AEA2DA99E5,149,0,0
1578491302383,21,Search-2,200,OK,Main 1-3,bin,true,,652,440,9,9,https://www.bing.com:443/sa/simg/bing_p_rr_teal_min.ico,21,0,0
1578491302166,257,Login,200,OK,Main 1-9,text,true,,97533,829,10,10,https://www.bing.com:443/?toWww=1&redig=D694AA7BC17E4C3786AE46E47F0B34B9,94,0,34
1578491302166,94,Login-0,301,,Main 1-9,text,true,,1011,113,10,10,https://bing.com/,94,0,34
1578491302262,138,Login-1,200,OK,Main 1-9,text,true,,95870,276,10,10,https://www.bing.com:443/?toWww=1&redig=D694AA7BC17E4C3786AE46E47F0B34B9,122,0,43
1578491302404,19,Login-2,200,OK,Main 1-9,bin,true,,652,440,10,10,https://www.bing.com:443/sa/simg/bing_p_rr_teal_min.ico,19,0,0
1578491302467,145,Search,200,OK,Main 1-6,text,true,,95944,859,10,10,https://www.bing.com:443/?toWww=1&redig=2F2DFED55BB540138C6AFBA633904ADF,64,0,0
1578491302467,64,Search-0,301,,Main 1-6,text,true,,593,402,10,10,https://bing.com/,64,0,0
1578491302531,81,Search-1,200,OK,Main 1-6,text,true,,95351,457,10,10,https://www.bing.com:443/?toWww=1&redig=2F2DFED55BB540138C6AFBA633904ADF,79,0,0
1578491302415,254,Login,200,OK,Main 1-10,text,true,,97533,829,11,11,https://www.bing.com:443/?toWww=1&redig=BE94777C346243919EBFCE5D60E22B46,97,0,34
1578491302415,97,Login-0,301,,Main 1-10,text,true,,1011,113,11,11,https://bing.com/,97,0,34
1578491302512,136,Login-1,200,OK,Main 1-10,text,true,,95870,276,11,11,https://www.bing.com:443/?toWww=1&redig=BE94777C346243919EBFCE5D60E22B46,120,0,39
1578491302650,19,Login-2,200,OK,Main 1-10,bin,true,,652,440,11,11,https://www.bing.com:443/sa/simg/bing_p_rr_teal_min.ico,19,0,0
1578491302717,171,Search,200,OK,Main 1-4,text,true,,97533,829,11,11,https://www.bing.com:443/?toWww=1&redig=12FBB2CEB912402289826BA712C900AA,67,0,0
1578491302717,67,Search-0,301,,Main 1-4,text,true,,1011,113,11,11,https://bing.com/,67,0,0
1578491302784,82,Search-1,200,OK,Main 1-4,text,true,,95870,276,11,11,https://www.bing.com:443/?toWww=1&redig=12FBB2CEB912402289826BA712C900AA,79,0,0
1578491302868,20,Search-2,200,OK,Main 1-4,bin,true,,652,440,11,11,https://www.bing.com:443/sa/simg/bing_p_rr_teal_min.ico,20,0,0
1578491302667,254,Login,200,OK,Main 1-11,text,true,,97533,829,12,12,https://www.bing.com:443/?toWww=1&redig=FC6925CEED3A4043B5EBFB6F725BE9D7,99,0,36
1578491302667,99,Login-0,301,,Main 1-11,text,true,,1011,113,12,12,https://bing.com/,99,0,36
1578491302766,135,Login-1,200,OK,Main 1-11,text,true,,95870,276,12,12,https://www.bing.com:443/?toWww=1&redig=FC6925CEED3A4043B5EBFB6F725BE9D7,118,0,34
1578491302902,19,Login-2,200,OK,Main 1-11,bin,true,,652,440,12,12,https://www.bing.com:443/sa/simg/bing_p_rr_teal_min.ico,19,0,0
1578491302866,154,Search,200,OK,Main 1-7,text,true,,95944,859,12,12,https://www.bing.com:443/?toWww=1&redig=69E6CB31F0D84F1DAC571766553B8589,61,0,0
1578491302866,61,Search-0,301,,Main 1-7,text,true,,593,402,12,12,https://bing.com/,61,0,0
1578491302927,93,Search-1,200,OK,Main 1-7,text,true,,95351,457,12,12,https://www.bing.com:443/?toWww=1&redig=69E6CB31F0D84F1DAC571766553B8589,81,0,0
1578491302915,278,Login,200,OK,Main 1-12,text,true,,97533,829,13,13,https://www.bing.com:443/?toWww=1&redig=2DDA6EC3E6C44AF6A51EE33B718D26C7,102,0,36
1578491302915,102,Login-0,301,,Main 1-12,text,true,,1011,113,13,13,https://bing.com/,102,0,36
1578491303019,145,Login-1,200,OK,Main 1-12,text,true,,95870,276,13,13,https://www.bing.com:443/?toWww=1&redig=2DDA6EC3E6C44AF6A51EE33B718D26C7,129,0,43
1578491303170,23,Login-2,200,OK,Main 1-12,bin,true,,652,440,13,13,https://www.bing.com:443/sa/simg/bing_p_rr_teal_min.ico,23,0,0
1578491302993,266,Search,200,OK,Main 1-1,text,true,,97533,829,13,13,https://www.bing.com:443/?toWww=1&redig=8798CA74D79B4C629B179C667C203A53,108,0,44
1578491302993,108,Search-0,301,,Main 1-1,text,true,,1011,113,13,13,https://bing.com/,108,0,44
1578491303101,137,Search-1,200,OK,Main 1-1,text,true,,95870,276,13,13,https://www.bing.com:443/?toWww=1&redig=8798CA74D79B4C629B179C667C203A53,115,0,33
1578491303241,18,Search-2,200,OK,Main 1-1,bin,true,,652,440,13,13,https://www.bing.com:443/sa/simg/bing_p_rr_teal_min.ico,18,0,0
1578491303088,245,Search,200,OK,Main 1-2,text,true,,97533,829,13,13,https://www.bing.com:443/?toWww=1&redig=80EC5143E56D4056A7039BB26FBFA229,96,0,35
1578491303088,96,Search-0,301,,Main 1-2,text,true,,1011,113,13,13,https://bing.com/,96,0,35
1578491303185,128,Search-1,200,OK,Main 1-2,text,true,,95870,276,13,13,https://www.bing.com:443/?toWww=1&redig=80EC5143E56D4056A7039BB26FBFA229,112,0,35
1578491303315,18,Search-2,200,OK,Main 1-2,bin,true,,652,440,13,13,https://www.bing.com:443/sa/simg/bing_p_rr_teal_min.ico,18,0,0
1578491303266,145,Search,200,OK,Main 1-8,text,true,,95944,859,13,13,https://www.bing.com:443/?toWww=1&redig=FC7F5CCD156E402FB37E1988BB34C5EA,62,0,0
1578491303266,62,Search-0,301,,Main 1-8,text,true,,593,402,13,13,https://bing.com/,62,0,0
1578491303328,83,Search-1,200,OK,Main 1-8,text,true,,95351,457,13,13,https://www.bing.com:443/?toWww=1&redig=FC7F5CCD156E402FB37E1988BB34C5EA,81,0,0
1578491303168,249,Login,200,OK,Main 1-13,text,true,,97533,829,13,13,https://www.bing.com:443/?toWww=1&redig=E8C66F8771B34F05B3F9BE4FF6D528EC,102,0,40
1578491303168,102,Login-0,301,,Main 1-13,text,true,,1011,113,13,13,https://bing.com/,102,0,40
1578491303271,126,Login-1,200,OK,Main 1-13,text,true,,95870,276,13,13,https://www.bing.com:443/?toWww=1&redig=E8C66F8771B34F05B3F9BE4FF6D528EC,109,0,34
1578491303399,18,Login-2,200,OK,Main 1-13,bin,true,,652,440,13,13,https://www.bing.com:443/sa/simg/bing_p_rr_teal_min.ico,18,0,0
1578491303418,247,Login,200,OK,Main 1-14,text,true,,97533,829,14,14,https://www.bing.com:443/?toWww=1&redig=36FA94C09332444CB298822E7ECEC1C6,95,0,35
1578491303418,95,Login-0,301,,Main 1-14,text,true,,1011,113,14,14,https://bing.com/,95,0,35
1578491303514,131,Login-1,200,OK,Main 1-14,text,true,,95870,276,14,14,https://www.bing.com:443/?toWww=1&redig=36FA94C09332444CB298822E7ECEC1C6,115,0,37
1578491303646,19,Login-2,200,OK,Main 1-14,bin,true,,652,440,14,14,https://www.bing.com:443/sa/simg/bing_p_rr_teal_min.ico,19,0,0
1578491303415,377,Search,200,OK,Main 1-5,text,true,,97532,829,15,15,https://www.bing.com:443/?toWww=1&redig=7C1561FC35414F1E8FB0CA43F9A5DDB9,162,0,34
1578491303415,162,Search-0,301,,Main 1-5,text,true,,1011,113,15,15,https://bing.com/,162,0,34
1578491303577,194,Search-1,200,OK,Main 1-5,text,true,,95869,276,15,15,https://www.bing.com:443/?toWww=1&redig=7C1561FC35414F1E8FB0CA43F9A5DDB9,178,0,33
1578491303773,19,Search-2,200,OK,Main 1-5,bin,true,,652,440,15,15,https://www.bing.com:443/sa/simg/bing_p_rr_teal_min.ico,19,0,0
1578491303666,142,Search,200,OK,Main 1-9,text,true,,95944,859,15,15,https://www.bing.com:443/?toWww=1&redig=6E4D56BD93A54854A7DAB782F3BC898D,61,0,0
1578491303666,61,Search-0,301,,Main 1-9,text,true,,593,402,15,15,https://bing.com/,61,0,0
1578491303727,81,Search-1,200,OK,Main 1-9,text,true,,95351,457,15,15,https://www.bing.com:443/?toWww=1&redig=6E4D56BD93A54854A7DAB782F3BC898D,79,0,0
1578491303517,350,Search,200,OK,Main 1-3,text,true,,97533,829,15,15,https://www.bing.com:443/?toWww=1&redig=DCC96DF7D11740B7A46227D94959BD86,99,0,38
1578491303517,99,Search-0,301,,Main 1-3,text,true,,1011,113,15,15,https://bing.com/,99,0,38
1578491303617,230,Search-1,200,OK,Main 1-3,text,true,,95870,276,15,15,https://www.bing.com:443/?toWww=1&redig=DCC96DF7D11740B7A46227D94959BD86,214,0,33
1578491303849,18,Search-2,200,OK,Main 1-3,bin,true,,652,440,15,15,https://www.bing.com:443/sa/simg/bing_p_rr_teal_min.ico,18,0,0
1578491303669,268,Login,200,OK,Main 1-15,text,true,,97533,829,16,16,https://www.bing.com:443/?toWww=1&redig=13A01FDB5D4F405395BBF18E99925F9B,100,0,38
1578491303669,100,Login-0,301,,Main 1-15,text,true,,1011,113,16,16,https://bing.com/,100,0,38
1578491303769,148,Login-1,200,OK,Main 1-15,text,true,,95870,276,16,16,https://www.bing.com:443/?toWww=1&redig=13A01FDB5D4F405395BBF18E99925F9B,110,0,34
1578491303918,19,Login-2,200,OK,Main 1-15,bin,true,,652,440,16,16,https://www.bing.com:443/sa/simg/bing_p_rr_teal_min.ico,19,0,0
1578491303916,253,Login,200,OK,Main 1-16,text,true,,97533,829,17,17,https://www.bing.com:443/?toWww=1&redig=A7CB9BD178C7422BAD30EEA91BD77570,103,0,36
1578491303916,103,Login-0,301,,Main 1-16,text,true,,1011,113,17,17,https://bing.com/,103,0,36
1578491304019,130,Login-1,200,OK,Main 1-16,text,true,,95870,276,17,17,https://www.bing.com:443/?toWww=1&redig=A7CB9BD178C7422BAD30EEA91BD77570,112,0,33
1578491304151,18,Login-2,200,OK,Main 1-16,bin,true,,652,440,17,17,https://www.bing.com:443/sa/simg/bing_p_rr_teal_min.ico,18,0,0
1578491304067,144,Search,200,OK,Main 1-10,text,true,,95944,859,17,17,https://www.bing.com:443/?toWww=1&redig=FDA4758DCAD34ED9A4BB9E4E5939F380,63,0,0
1578491304067,63,Search-0,301,,Main 1-10,text,true,,593,402,17,17,https://bing.com/,63,0,0
1578491304130,81,Search-1,200,OK,Main 1-10,text,true,,95351,457,17,17,https://www.bing.com:443/?toWww=1&redig=FDA4758DCAD34ED9A4BB9E4E5939F380,79,0,0
1578491303967,379,Search,200,OK,Main 1-6,text,true,,97533,829,17,17,https://www.bing.com:443/?toWww=1&redig=22CE98D4D7D246FCB1008A2E33FBC3EB,209,0,36
1578491303967,209,Search-0,301,,Main 1-6,text,true,,1011,113,17,17,https://bing.com/,209,0,36
1578491304177,149,Search-1,200,OK,Main 1-6,text,true,,95870,276,17,17,https://www.bing.com:443/?toWww=1&redig=22CE98D4D7D246FCB1008A2E33FBC3EB,109,0,32
1578491304328,18,Search-2,200,OK,Main 1-6,bin,true,,652,440,17,17,https://www.bing.com:443/sa/simg/bing_p_rr_teal_min.ico,18,0,0
1578491304165,245,Login,200,OK,Main 1-17,text,true,,97533,829,17,17,https://www.bing.com:443/?toWww=1&redig=9FC2E89003204113AED4DDADA7F969FF,95,0,34
1578491304165,95,Login-0,301,,Main 1-17,text,true,,1011,113,17,17,https://bing.com/,95,0,34
1578491304260,127,Login-1,200,OK,Main 1-17,text,true,,95870,276,17,17,https://www.bing.com:443/?toWww=1&redig=9FC2E89003204113AED4DDADA7F969FF,111,0,34
1578491304389,21,Login-2,200,OK,Main 1-17,bin,true,,652,440,17,17,https://www.bing.com:443/sa/simg/bing_p_rr_teal_min.ico,21,0,0
1578491304367,246,Search,200,OK,Main 1-4,text,true,,97533,829,18,18,https://www.bing.com:443/?toWww=1&redig=4E8FA62472284F0B967A08876BF14460,101,0,39
1578491304367,101,Search-0,301,,Main 1-4,text,true,,1011,113,18,18,https://bing.com/,101,0,39
1578491304468,125,Search-1,200,OK,Main 1-4,text,true,,95870,276,18,18,https://www.bing.com:443/?toWww=1&redig=4E8FA62472284F0B967A08876BF14460,109,0,34
1578491304595,18,Search-2,200,OK,Main 1-4,bin,true,,652,440,18,18,https://www.bing.com:443/sa/simg/bing_p_rr_teal_min.ico,18,0,0
1578491304466,170,Search,200,OK,Main 1-11,text,true,,95944,859,18,18,https://www.bing.com:443/?toWww=1&redig=4FD17820175C4532A18E6E8442224D34,86,0,0
1578491304466,86,Search-0,301,,Main 1-11,text,true,,593,402,18,18,https://bing.com/,86,0,0
1578491304552,84,Search-1,200,OK,Main 1-11,text,true,,95351,457,18,18,https://www.bing.com:443/?toWww=1&redig=4FD17820175C4532A18E6E8442224D34,82,0,0
1578491304415,247,Login,200,OK,Main 1-18,text,true,,97533,829,18,18,https://www.bing.com:443/?toWww=1&redig=3A0C9A7FCE9D4A62BDDB961458543902,98,0,34
1578491304415,98,Login-0,301,,Main 1-18,text,true,,1011,113,18,18,https://bing.com/,98,0,34
1578491304513,125,Login-1,200,OK,Main 1-18,text,true,,95870,276,18,18,https://www.bing.com:443/?toWww=1&redig=3A0C9A7FCE9D4A62BDDB961458543902,107,0,33
1578491304640,22,Login-2,200,OK,Main 1-18,bin,true,,652,440,18,18,https://www.bing.com:443/sa/simg/bing_p_rr_teal_min.ico,22,0,0
1578491304666,270,Search,200,OK,Main 1-7,text,true,,97533,829,20,20,https://www.bing.com:443/?toWww=1&redig=6E96AB7FCA1A42B6B8461B22A9B36AFC,97,0,34
1578491304666,97,Search-0,301,,Main 1-7,text,true,,1011,113,20,20,https://bing.com/,97,0,34
1578491304764,143,Search-1,200,OK,Main 1-7,text,true,,95870,276,20,20,https://www.bing.com:443/?toWww=1&redig=6E96AB7FCA1A42B6B8461B22A9B36AFC,125,0,43
1578491304912,24,Search-2,200,OK,Main 1-7,bin,true,,652,440,20,20,https://www.bing.com:443/sa/simg/bing_p_rr_teal_min.ico,24,0,0
1578491304666,271,Login,200,OK,Main 1-19,text,true,,97533,829,20,20,https://www.bing.com:443/?toWww=1&redig=358001D232644751A0C731B0C2BDD5C8,100,0,34
1578491304666,100,Login-0,301,,Main 1-19,text,true,,1011,113,20,20,https://bing.com/,100,0,34
1578491304767,141,Login-1,200,OK,Main 1-19,text,true,,95870,276,20,20,https://www.bing.com:443/?toWww=1&redig=358001D232644751A0C731B0C2BDD5C8,122,0,40
1578491304914,23,Login-2,200,OK,Main 1-19,bin,true,,652,440,20,20,https://www.bing.com:443/sa/simg/bing_p_rr_teal_min.ico,23,0,0
1578491304865,234,Search,200,OK,Main 1-12,text,true,,95943,859,20,20,https://www.bing.com:443/?toWww=1&redig=A1F3281FBA4A4FE780474F30FA179FC7,85,0,0
1578491304865,85,Search-0,301,,Main 1-12,text,true,,593,402,20,20,https://bing.com/,85,0,0
1578491304950,149,Search-1,200,OK,Main 1-12,text,true,,95350,457,20,20,https://www.bing.com:443/?toWww=1&redig=A1F3281FBA4A4FE780474F30FA179FC7,147,0,0
1578491304918,336,Login,200,OK,Main 1-20,text,true,,97533,829,20,20,https://www.bing.com:443/?toWww=1&redig=172FAF2F6FA2402494845240F7E40194,186,0,55
1578491304918,186,Login-0,301,,Main 1-20,text,true,,1011,113,20,20,https://bing.com/,186,0,55
1578491305104,127,Login-1,200,OK,Main 1-20,text,true,,95870,276,20,20,https://www.bing.com:443/?toWww=1&redig=172FAF2F6FA2402494845240F7E40194,110,0,34
1578491305234,20,Login-2,200,OK,Main 1-20,bin,true,,652,440,20,20,https://www.bing.com:443/sa/simg/bing_p_rr_teal_min.ico,20,0,0
1578491304943,382,Search,200,OK,Main 1-1,text,true,,97533,829,20,20,https://www.bing.com:443/?toWww=1&redig=77726EEF7FBE48748900E00091E75E8A,74,0,0
1578491304943,74,Search-0,301,,Main 1-1,text,true,,1011,113,20,20,https://bing.com/,74,0,0
1578491305017,249,Search-1,200,OK,Main 1-1,text,true,,95870,276,20,20,https://www.bing.com:443/?toWww=1&redig=77726EEF7FBE48748900E00091E75E8A,120,0,0
1578491305268,57,Search-2,200,OK,Main 1-1,bin,true,,652,440,20,20,https://www.bing.com:443/sa/simg/bing_p_rr_teal_min.ico,57,0,40
1578491305039,330,Search,200,OK,Main 1-2,text,true,,97533,829,20,20,https://www.bing.com:443/?toWww=1&redig=D1A4FE4D32D6406D87CE6F80FECE30B2,59,0,0
1578491305039,59,Search-0,301,,Main 1-2,text,true,,1011,113,20,20,https://bing.com/,59,0,0
1578491305098,218,Search-1,200,OK,Main 1-2,text,true,,95870,276,20,20,https://www.bing.com:443/?toWww=1&redig=D1A4FE4D32D6406D87CE6F80FECE30B2,78,0,0
1578491305317,52,Search-2,200,OK,Main 1-2,bin,true,,652,440,20,20,https://www.bing.com:443/sa/simg/bing_p_rr_teal_min.ico,52,0,34
1578491305216,308,Search,200,OK,Main 1-8,text,true,,97533,829,20,20,https://www.bing.com:443/?toWww=1&redig=D1595AD3CB0643C498E032837DCAA042,156,0,42
1578491305216,156,Search-0,301,,Main 1-8,text,true,,1011,113,20,20,https://bing.com/,156,0,42
1578491305373,131,Search-1,200,OK,Main 1-8,text,true,,95870,276,20,20,https://www.bing.com:443/?toWww=1&redig=D1595AD3CB0643C498E032837DCAA042,114,0,36
1578491305506,18,Search-2,200,OK,Main 1-8,bin,true,,652,440,20,20,https://www.bing.com:443/sa/simg/bing_p_rr_teal_min.ico,18,0,0
1578491305266,289,Search,200,OK,Main 1-13,text,true,,95943,859,20,20,https://www.bing.com:443/?toWww=1&redig=F2F04E1EDBE94E3C9ED7648C2696306D,83,0,21
1578491305266,83,Search-0,301,,Main 1-13,text,true,,593,402,20,20,https://bing.com/,83,0,21
1578491305349,206,Search-1,200,OK,Main 1-13,text,true,,95350,457,20,20,https://www.bing.com:443/?toWww=1&redig=F2F04E1EDBE94E3C9ED7648C2696306D,191,0,46
1578491305668,226,Search,200,OK,Main 1-14,text,true,,95944,859,20,20,https://www.bing.com:443/?toWww=1&redig=5ADAEFB0F3084E3A9688AA80D4DEF05E,93,0,34
1578491305668,93,Search-0,301,,Main 1-14,text,true,,593,402,20,20,https://bing.com/,93,0,34
1578491305761,133,Search-1,200,OK,Main 1-14,text,true,,95351,457,20,20,https://www.bing.com:443/?toWww=1&redig=5ADAEFB0F3084E3A9688AA80D4DEF05E,116,0,39
1578491305666,250,Search,200,OK,Main 1-5,text,true,,97533,829,20,20,https://www.bing.com:443/?toWww=1&redig=25614C6375A04FDEBBBF30802BA4C33C,95,0,34
1578491305666,95,Search-0,301,,Main 1-5,text,true,,1011,113,20,20,https://bing.com/,95,0,34
1578491305761,134,Search-1,200,OK,Main 1-5,text,true,,95870,276,20,20,https://www.bing.com:443/?toWww=1&redig=25614C6375A04FDEBBBF30802BA4C33C,118,0,39
1578491305897,19,Search-2,200,OK,Main 1-5,bin,true,,652,440,20,20,https://www.bing.com:443/sa/simg/bing_p_rr_teal_min.ico,19,0,0
1578491305768,250,Search,200,OK,Main 1-3,text,true,,97533,829,20,20,https://www.bing.com:443/?toWww=1&redig=96268E242AEA48259F1F341AB6E4EE31,98,0,36
1578491305768,98,Search-0,301,,Main 1-3,text,true,,1011,113,20,20,https://bing.com/,98,0,36
1578491305866,129,Search-1,200,OK,Main 1-3,text,true,,95870,276,20,20,https://www.bing.com:443/?toWww=1&redig=96268E242AEA48259F1F341AB6E4EE31,112,0,35
1578491305996,22,Search-2,200,OK,Main 1-3,bin,true,,652,440,20,20,https://www.bing.com:443/sa/simg/bing_p_rr_teal_min.ico,22,0,0
1578491305915,268,Search,200,OK,Main 1-9,text,true,,97533,829,20,20,https://www.bing.com:443/?toWww=1&redig=0627B2A1FA4A44208640B4E7BB41E35D,92,0,34
1578491305915,92,Search-0,301,,Main 1-9,text,true,,1011,113,20,20,https://bing.com/,92,0,34
1578491306008,155,Search-1,200,OK,Main 1-9,text,true,,95870,276,20,20,https://www.bing.com:443/?toWww=1&redig=0627B2A1FA4A44208640B4E7BB41E35D,138,0,59
1578491306165,18,Search-2,200,OK,Main 1-9,bin,true,,652,440,20,20,https://www.bing.com:443/sa/simg/bing_p_rr_teal_min.ico,18,0,0
1578491306068,229,Search,200,OK,Main 1-15,text,true,,95944,859,20,20,https://www.bing.com:443/?toWww=1&redig=270F80B17991425C9A1E31D8EC87A053,99,0,34
1578491306068,99,Search-0,301,,Main 1-15,text,true,,593,402,20,20,https://bing.com/,99,0,34
1578491306167,130,Search-1,200,OK,Main 1-15,text,true,,95351,457,20,20,https://www.bing.com:443/?toWww=1&redig=270F80B17991425C9A1E31D8EC87A053,113,0,34
1578491306466,238,Search,200,OK,Main 1-16,text,true,,95944,859,20,20,https://www.bing.com:443/?toWww=1&redig=C7A09FAC85F244CF9867591635C25D16,109,0,48
1578491306466,109,Search-0,301,,Main 1-16,text,true,,593,402,20,20,https://bing.com/,109,0,48
1578491306576,128,Search-1,200,OK,Main 1-16,text,true,,95351,457,20,20,https://www.bing.com:443/?toWww=1&redig=C7A09FAC85F244CF9867591635C25D16,111,0,33
1578491306515,341,Search,200,OK,Main 1-6,text,true,,97532,829,20,20,https://www.bing.com:443/?toWww=1&redig=9CDFF36BA83448228B93A6998B0CBC97,107,0,45
1578491306515,107,Search-0,301,,Main 1-6,text,true,,1011,113,20,20,https://bing.com/,107,0,45
1578491306623,205,Search-1,200,OK,Main 1-6,text,true,,95869,276,20,20,https://www.bing.com:443/?toWww=1&redig=9CDFF36BA83448228B93A6998B0CBC97,188,0,45
1578491306833,23,Search-2,200,OK,Main 1-6,bin,true,,652,440,20,20,https://www.bing.com:443/sa/simg/bing_p_rr_teal_min.ico,22,0,0
1578491306615,262,Search,200,OK,Main 1-10,text,true,,97533,829,20,20,https://www.bing.com:443/?toWww=1&redig=A88EEEA755C748F3982F2A83CDF124A6,115,0,53
1578491306615,115,Search-0,301,,Main 1-10,text,true,,1011,113,20,20,https://bing.com/,115,0,53
1578491306730,128,Search-1,200,OK,Main 1-10,text,true,,95870,276,20,20,https://www.bing.com:443/?toWww=1&redig=A88EEEA755C748F3982F2A83CDF124A6,111,0,34
1578491306860,17,Search-2,200,OK,Main 1-10,bin,true,,652,440,20,20,https://www.bing.com:443/sa/simg/bing_p_rr_teal_min.ico,17,0,0
1578491306715,245,Search,200,OK,Main 1-17,text,true,,95944,859,20,20,https://www.bing.com:443/?toWww=1&redig=F58E9B1B778F44F7BAE8DDF1F4178B6E,100,0,37
1578491306715,100,Search-0,301,,Main 1-17,text,true,,593,402,20,20,https://bing.com/,100,0,37
1578491306815,145,Search-1,200,OK,Main 1-17,text,true,,95351,457,20,20,https://www.bing.com:443/?toWww=1&redig=F58E9B1B778F44F7BAE8DDF1F4178B6E,129,0,45
1578491307067,267,Search,200,OK,Main 1-4,text,true,,97533,829,20,20,https://www.bing.com:443/?toWww=1&redig=82271F568B4D4BCCA35D5AA0BD35A3E7,113,0,49
1578491307067,113,Search-0,301,,Main 1-4,text,true,,1011,113,20,20,https://bing.com/,113,0,49
1578491307181,134,Search-1,200,OK,Main 1-4,text,true,,95870,276,20,20,https://www.bing.com:443/?toWww=1&redig=82271F568B4D4BCCA35D5AA0BD35A3E7,118,0,39
1578491307317,17,Search-2,200,OK,Main 1-4,bin,true,,652,440,20,20,https://www.bing.com:443/sa/simg/bing_p_rr_teal_min.ico,17,0,0
1578491307166,249,Search,200,OK,Main 1-11,text,true,,97533,829,20,20,https://www.bing.com:443/?toWww=1&redig=BEA4315B810C49C2BE1144C924D6765B,106,0,44
1578491307166,106,Search-0,301,,Main 1-11,text,true,,1011,113,20,20,https://bing.com/,106,0,44
1578491307272,124,Search-1,200,OK,Main 1-11,text,true,,95870,276,20,20,https://www.bing.com:443/?toWww=1&redig=BEA4315B810C49C2BE1144C924D6765B,108,0,33
1578491307398,17,Search-2,200,OK,Main 1-11,bin,true,,652,440,20,20,https://www.bing.com:443/sa/simg/bing_p_rr_teal_min.ico,17,0,0
1578491307265,239,Search,200,OK,Main 1-18,text,true,,95944,859,20,20,https://www.bing.com:443/?toWww=1&redig=FEA592ACB76A4D558C9CE61A2C0AC4C3,93,0,35
1578491307265,93,Search-0,301,,Main 1-18,text,true,,593,402,20,20,https://bing.com/,93,0,35
1578491307359,145,Search-1,200,OK,Main 1-18,text,true,,95351,457,20,20,https://www.bing.com:443/?toWww=1&redig=FEA592ACB76A4D558C9CE61A2C0AC4C3,128,0,36
1578491307666,299,Search,200,OK,Main 1-7,text,true,,97533,829,20,20,https://www.bing.com:443/?toWww=1&redig=ABE72E7843A848A286F07A43BF24F3FC,112,0,48
1578491307666,112,Search-0,301,,Main 1-7,text,true,,1011,113,20,20,https://bing.com/,112,0,48
1578491307778,167,Search-1,200,OK,Main 1-7,text,true,,95870,276,20,20,https://www.bing.com:443/?toWww=1&redig=ABE72E7843A848A286F07A43BF24F3FC,148,0,32
1578491307946,19,Search-2,200,OK,Main 1-7,bin,true,,652,440,20,20,https://www.bing.com:443/sa/simg/bing_p_rr_teal_min.ico,19,0,0
1578491307666,302,Search,200,OK,Main 1-19,text,true,,95944,859,20,20,https://www.bing.com:443/?toWww=1&redig=01FED73EB7414AFC8206ED1292FEC904,107,0,48
1578491307666,107,Search-0,301,,Main 1-19,text,true,,593,402,20,20,https://bing.com/,107,0,48
1578491307773,195,Search-1,200,OK,Main 1-19,text,true,,95351,457,20,20,https://www.bing.com:443/?toWww=1&redig=01FED73EB7414AFC8206ED1292FEC904,114,0,33
1578491307865,239,Search,200,OK,Main 1-12,text,true,,97533,829,20,20,https://www.bing.com:443/?toWww=1&redig=1C726B8865A8488A84802092D5C7D543,92,0,33
1578491307865,93,Search-0,301,,Main 1-12,text,true,,1011,113,20,20,https://bing.com/,92,0,33
1578491307958,127,Search-1,200,OK,Main 1-12,text,true,,95870,276,20,20,https://www.bing.com:443/?toWww=1&redig=1C726B8865A8488A84802092D5C7D543,110,0,35
1578491308086,18,Search-2,200,OK,Main 1-12,bin,true,,652,440,20,20,https://www.bing.com:443/sa/simg/bing_p_rr_teal_min.ico,18,0,0
1578491307918,227,Search,200,OK,Main 1-20,text,true,,95944,859,20,20,https://www.bing.com:443/?toWww=1&redig=6454DD103F0B44E980960405E1DF95D0,95,0,37
1578491307918,96,Search-0,301,,Main 1-20,text,true,,593,402,20,20,https://bing.com/,95,0,37
1578491308014,131,Search-1,200,OK,Main 1-20,text,true,,95351,457,20,20,https://www.bing.com:443/?toWww=1&redig=6454DD103F0B44E980960405E1DF95D0,115,0,35
1578491307943,253,Search,200,OK,Main 1-1,text,true,,97533,829,20,20,https://www.bing.com:443/?toWww=1&redig=578C074831984EEFAEC37E5631CDD1A3,101,0,34
1578491307943,101,Search-0,301,,Main 1-1,text,true,,1011,113,20,20,https://bing.com/,101,0,34
1578491308045,129,Search-1,200,OK,Main 1-1,text,true,,95870,276,20,20,https://www.bing.com:443/?toWww=1&redig=578C074831984EEFAEC37E5631CDD1A3,113,0,35
1578491308176,20,Search-2,200,OK,Main 1-1,bin,true,,652,440,20,20,https://www.bing.com:443/sa/simg/bing_p_rr_teal_min.ico,20,0,0
1578491308039,248,Search,200,OK,Main 1-2,text,true,,97533,829,19,19,https://www.bing.com:443/?toWww=1&redig=3EB3A660D9474BD0964023A3817D0327,98,0,35
1578491308039,98,Search-0,301,,Main 1-2,text,true,,1011,113,19,19,https://bing.com/,98,0,35
1578491308137,130,Search-1,200,OK,Main 1-2,text,true,,95870,276,19,19,https://www.bing.com:443/?toWww=1&redig=3EB3A660D9474BD0964023A3817D0327,113,0,34
1578491308268,19,Search-2,200,OK,Main 1-2,bin,true,,652,440,19,19,https://www.bing.com:443/sa/simg/bing_p_rr_teal_min.ico,19,0,0
1578491308216,241,Search,200,OK,Main 1-8,text,true,,97533,829,18,18,https://www.bing.com:443/?toWww=1&redig=104C436AE34744E0B679FCCA875869A9,92,0,34
1578491308216,92,Search-0,301,,Main 1-8,text,true,,1011,113,18,18,https://bing.com/,92,0,34
1578491308309,128,Search-1,200,OK,Main 1-8,text,true,,95870,276,18,18,https://www.bing.com:443/?toWww=1&redig=104C436AE34744E0B679FCCA875869A9,111,0,32
1578491308439,18,Search-2,200,OK,Main 1-8,bin,true,,652,440,18,18,https://www.bing.com:443/sa/simg/bing_p_rr_teal_min.ico,18,0,0
1578491308267,287,Search,200,OK,Main 1-13,text,true,,97533,829,18,18,https://www.bing.com:443/?toWww=1&redig=6E37A0AF803C4CA7B98F8077D7B6AA05,93,0,34
1578491308267,93,Search-0,301,,Main 1-13,text,true,,1011,113,18,18,https://bing.com/,93,0,34
1578491308360,175,Search-1,200,OK,Main 1-13,text,true,,95870,276,18,18,https://www.bing.com:443/?toWww=1&redig=6E37A0AF803C4CA7B98F8077D7B6AA05,158,0,40
1578491308537,17,Search-2,200,OK,Main 1-13,bin,true,,652,440,18,18,https://www.bing.com:443/sa/simg/bing_p_rr_teal_min.ico,17,0,0
1578491308665,234,Search,200,OK,Main 1-5,text,true,,97533,829,18,18,https://www.bing.com:443/?toWww=1&redig=F6EE7E7B9C9F4B5F9783D4F9D6CC9723,89,0,31
1578491308665,89,Search-0,301,,Main 1-5,text,true,,1011,113,18,18,https://bing.com/,89,0,31
1578491308754,122,Search-1,200,OK,Main 1-5,text,true,,95870,276,18,18,https://www.bing.com:443/?toWww=1&redig=F6EE7E7B9C9F4B5F9783D4F9D6CC9723,106,0,32
1578491308877,22,Search-2,200,OK,Main 1-5,bin,true,,652,440,18,18,https://www.bing.com:443/sa/simg/bing_p_rr_teal_min.ico,22,0,0
1578491308766,242,Search,200,OK,Main 1-3,text,true,,97533,829,18,18,https://www.bing.com:443/?toWww=1&redig=20F503DC0128422C8775872F53E3E980,94,0,33
1578491308766,94,Search-0,301,,Main 1-3,text,true,,1011,113,18,18,https://bing.com/,94,0,33
1578491308860,128,Search-1,200,OK,Main 1-3,text,true,,95870,276,18,18,https://www.bing.com:443/?toWww=1&redig=20F503DC0128422C8775872F53E3E980,112,0,36
1578491308989,19,Search-2,200,OK,Main 1-3,bin,true,,652,440,18,18,https://www.bing.com:443/sa/simg/bing_p_rr_teal_min.ico,19,0,0
1578491308667,352,Search,200,OK,Main 1-14,text,true,,97533,829,17,17,https://www.bing.com:443/?toWww=1&redig=22D20375CE864D5EBE9B948CB68005C2,160,0,32
1578491308667,160,Search-0,301,,Main 1-14,text,true,,1011,113,17,17,https://bing.com/,160,0,32
1578491308828,172,Search-1,200,OK,Main 1-14,text,true,,95870,276,17,17,https://www.bing.com:443/?toWww=1&redig=22D20375CE864D5EBE9B948CB68005C2,150,0,33
1578491309001,18,Search-2,200,OK,Main 1-14,bin,true,,652,440,17,17,https://www.bing.com:443/sa/simg/bing_p_rr_teal_min.ico,18,0,0
1578491308914,247,Search,200,OK,Main 1-9,text,true,,97533,829,17,17,https://www.bing.com:443/?toWww=1&redig=855280BF24FD48C5937A26B1A3DD577D,94,0,35
1578491308914,94,Search-0,301,,Main 1-9,text,true,,1011,113,17,17,https://bing.com/,94,0,35
1578491309008,135,Search-1,200,OK,Main 1-9,text,true,,95870,276,17,17,https://www.bing.com:443/?toWww=1&redig=855280BF24FD48C5937A26B1A3DD577D,119,0,35
1578491309145,16,Search-2,200,OK,Main 1-9,bin,true,,652,440,17,17,https://www.bing.com:443/sa/simg/bing_p_rr_teal_min.ico,16,0,0
1578491309066,296,Search,200,OK,Main 1-15,text,true,,97533,829,17,17,https://www.bing.com:443/?toWww=1&redig=E110671AABF9445CA207B59C04C216C0,95,0,35
1578491309066,95,Search-0,301,,Main 1-15,text,true,,1011,113,17,17,https://bing.com/,95,0,35
1578491309162,179,Search-1,200,OK,Main 1-15,text,true,,95870,276,17,17,https://www.bing.com:443/?toWww=1&redig=E110671AABF9445CA207B59C04C216C0,162,0,78
1578491309344,18,Search-2,200,OK,Main 1-15,bin,true,,652,440,17,17,https://www.bing.com:443/sa/simg/bing_p_rr_teal_min.ico,18,0,0
1578491309465,308,Search,200,OK,Main 1-16,text,true,,97533,829,17,17,https://www.bing.com:443/?toWww=1&redig=04B13A223F9347B880F3988E1CD8AA99,175,0,46
1578491309465,175,Search-0,301,,Main 1-16,text,true,,1011,113,17,17,https://bing.com/,175,0,46
1578491309640,115,Search-1,200,OK,Main 1-16,text,true,,95870,276,17,17,https://www.bing.com:443/?toWww=1&redig=04B13A223F9347B880F3988E1CD8AA99,98,0,21
1578491309757,16,Search-2,200,OK,Main 1-16,bin,true,,652,440,17,17,https://www.bing.com:443/sa/simg/bing_p_rr_teal_min.ico,16,0,0
1578491309515,276,Search,200,OK,Main 1-6,text,true,,97533,829,17,17,https://www.bing.com:443/?toWww=1&redig=18E05D5F7D9A4377A916E6479D079A80,101,0,43
1578491309515,101,Search-0,301,,Main 1-6,text,true,,1011,113,17,17,https://bing.com/,101,0,43
1578491309616,155,Search-1,200,OK,Main 1-6,text,true,,95870,276,17,17,https://www.bing.com:443/?toWww=1&redig=18E05D5F7D9A4377A916E6479D079A80,139,0,37
1578491309772,19,Search-2,200,OK,Main 1-6,bin,true,,652,440,17,17,https://www.bing.com:443/sa/simg/bing_p_rr_teal_min.ico,19,0,0
1578491309615,275,Search,200,OK,Main 1-10,text,true,,97533,829,17,17,https://www.bing.com:443/?toWww=1&redig=4917152976D94F3A891DD563A88480E4,101,0,41
1578491309615,101,Search-0,301,,Main 1-10,text,true,,1011,113,17,17,https://bing.com/,101,0,41
1578491309717,154,Search-1,200,OK,Main 1-10,text,true,,95870,276,17,17,https://www.bing.com:443/?toWww=1&redig=4917152976D94F3A891DD563A88480E4,133,0,45
1578491309871,19,Search-2,200,OK,Main 1-10,bin,true,,652,440,17,17,https://www.bing.com:443/sa/simg/bing_p_rr_teal_min.ico,19,0,0
1578491309716,263,Search,200,OK,Main 1-17,text,true,,97533,829,17,17,https://www.bing.com:443/?toWww=1&redig=1FD593F99C0C46DDBCC6487AF4AD8CFC,108,0,46
1578491309716,108,Search-0,301,,Main 1-17,text,true,,1011,113,17,17,https://bing.com/,108,0,46
1578491309824,133,Search-1,200,OK,Main 1-17,text,true,,95870,276,17,17,https://www.bing.com:443/?toWww=1&redig=1FD593F99C0C46DDBCC6487AF4AD8CFC,116,0,34
1578491309959,20,Search-2,200,OK,Main 1-17,bin,true,,652,440,17,17,https://www.bing.com:443/sa/simg/bing_p_rr_teal_min.ico,20,0,0
1578491310067,296,Search,200,OK,Main 1-4,text,true,,97533,829,17,17,https://www.bing.com:443/?toWww=1&redig=EDEF4122003D412D9BC09A246E6CB560,95,0,34
1578491310067,95,Search-0,301,,Main 1-4,text,true,,1011,113,17,17,https://bing.com/,95,0,34
1578491310163,180,Search-1,200,OK,Main 1-4,text,true,,95870,276,17,17,https://www.bing.com:443/?toWww=1&redig=EDEF4122003D412D9BC09A246E6CB560,164,0,34
1578491310345,18,Search-2,200,OK,Main 1-4,bin,true,,652,440,17,17,https://www.bing.com:443/sa/simg/bing_p_rr_teal_min.ico,18,0,0
1578491310166,251,Search,200,OK,Main 1-11,text,true,,97533,829,16,16,https://www.bing.com:443/?toWww=1&redig=4B1296446B294F9EA535EDCEBF4F1D03,96,0,32
1578491310166,96,Search-0,301,,Main 1-11,text,true,,1011,113,16,16,https://bing.com/,96,0,32
1578491310263,137,Search-1,200,OK,Main 1-11,text,true,,95870,276,16,16,https://www.bing.com:443/?toWww=1&redig=4B1296446B294F9EA535EDCEBF4F1D03,120,0,38
1578491310401,16,Search-2,200,OK,Main 1-11,bin,true,,652,440,16,16,https://www.bing.com:443/sa/simg/bing_p_rr_teal_min.ico,16,0,0
1578491310267,246,Search,200,OK,Main 1-18,text,true,,97533,829,16,16,https://www.bing.com:443/?toWww=1&redig=AB76520A6A5940D39DD810262149FA01,96,0,37
1578491310267,96,Search-0,301,,Main 1-18,text,true,,1011,113,16,16,https://bing.com/,96,0,37
1578491310364,132,Search-1,200,OK,Main 1-18,text,true,,95870,276,16,16,https://www.bing.com:443/?toWww=1&redig=AB76520A6A5940D39DD810262149FA01,115,0,33
1578491310497,16,Search-2,200,OK,Main 1-18,bin,true,,652,440,16,16,https://www.bing.com:443/sa/simg/bing_p_rr_teal_min.ico,16,0,0
1578491310666,236,Search,200,OK,Main 1-19,text,true,,97533,829,16,16,https://www.bing.com:443/?toWww=1&redig=5312064A92F14BC7AE0C22EF5378846B,91,0,33
1578491310666,91,Search-0,301,,Main 1-19,text,true,,1011,113,16,16,https://bing.com/,91,0,33
1578491310757,125,Search-1,200,OK,Main 1-19,text,true,,95870,276,16,16,https://www.bing.com:443/?toWww=1&redig=5312064A92F14BC7AE0C22EF5378846B,109,0,34
1578491310884,18,Search-2,200,OK,Main 1-19,bin,true,,652,440,16,16,https://www.bing.com:443/sa/simg/bing_p_rr_teal_min.ico,17,0,0
1578491310666,240,Search,200,OK,Main 1-7,text,true,,97533,829,16,16,https://www.bing.com:443/?toWww=1&redig=E06B309C55A942BFA189C8C10AE25AE3,95,0,33
1578491310666,95,Search-0,301,,Main 1-7,text,true,,1011,113,16,16,https://bing.com/,95,0,33
1578491310761,126,Search-1,200,OK,Main 1-7,text,true,,95870,276,16,16,https://www.bing.com:443/?toWww=1&redig=E06B309C55A942BFA189C8C10AE25AE3,110,0,32
1578491310888,18,Search-2,200,OK,Main 1-7,bin,true,,652,440,16,16,https://www.bing.com:443/sa/simg/bing_p_rr_teal_min.ico,18,0,0
1578491310865,250,Search,200,OK,Main 1-12,text,true,,97533,829,16,16,https://www.bing.com:443/?toWww=1&redig=8B2655BFD8EF473AA3450EF87BE903C9,96,0,31
1578491310865,96,Search-0,301,,Main 1-12,text,true,,1011,113,16,16,https://bing.com/,96,0,31
1578491310961,136,Search-1,200,OK,Main 1-12,text,true,,95870,276,16,16,https://www.bing.com:443/?toWww=1&redig=8B2655BFD8EF473AA3450EF87BE903C9,120,0,40
1578491311098,17,Search-2,200,OK,Main 1-12,bin,true,,652,440,16,16,https://www.bing.com:443/sa/simg/bing_p_rr_teal_min.ico,17,0,0
1578491310917,258,Search,200,OK,Main 1-20,text,true,,97533,829,16,16,https://www.bing.com:443/?toWww=1&redig=3F08DB869B224C7B8EDB91FD4C815D87,115,0,36
1578491310917,115,Search-0,301,,Main 1-20,text,true,,1011,113,16,16,https://bing.com/,115,0,36
1578491311032,125,Search-1,200,OK,Main 1-20,text,true,,95870,276,16,16,https://www.bing.com:443/?toWww=1&redig=3F08DB869B224C7B8EDB91FD4C815D87,109,0,32
1578491311158,17,Search-2,200,OK,Main 1-20,bin,true,,652,440,16,16,https://www.bing.com:443/sa/simg/bing_p_rr_teal_min.ico,17,0,0
1578491310967,255,Search,200,OK,Main 1-13,text,true,,97533,829,16,16,https://www.bing.com:443/?toWww=1&redig=12645A8CA45642EE8C36D5778D5454F5,105,0,43
1578491310967,105,Search-0,301,,Main 1-13,text,true,,1011,113,16,16,https://bing.com/,105,0,43
1578491311073,131,Search-1,200,OK,Main 1-13,text,true,,95870,276,16,16,https://www.bing.com:443/?toWww=1&redig=12645A8CA45642EE8C36D5778D5454F5,115,0,38
1578491311205,17,Search-2,200,OK,Main 1-13,bin,true,,652,440,16,16,https://www.bing.com:443/sa/simg/bing_p_rr_teal_min.ico,17,0,0
1578491310916,315,Search,200,OK,Main 1-8,text,true,,97533,829,16,16,https://www.bing.com:443/?toWww=1&redig=0F28B0C14C5F4E5B8071EFD38D18F92D,165,0,36
1578491310916,165,Search-0,301,,Main 1-8,text,true,,1011,113,16,16,https://bing.com/,165,0,36
1578491311081,132,Search-1,200,OK,Main 1-8,text,true,,95870,276,16,16,https://www.bing.com:443/?toWww=1&redig=0F28B0C14C5F4E5B8071EFD38D18F92D,115,0,32
1578491311214,17,Search-2,200,OK,Main 1-8,bin,true,,652,440,16,16,https://www.bing.com:443/sa/simg/bing_p_rr_teal_min.ico,17,0,0
1578491311218,265,Search,200,OK,Main 1-14,text,true,,97533,829,16,16,https://www.bing.com:443/?toWww=1&redig=8C674940798541B0AA6428B9958FA1BE,95,0,32
1578491311218,95,Search-0,301,,Main 1-14,text,true,,1011,113,16,16,https://bing.com/,95,0,32
1578491311314,151,Search-1,200,OK,Main 1-14,text,true,,95870,276,16,16,https://www.bing.com:443/?toWww=1&redig=8C674940798541B0AA6428B9958FA1BE,135,0,45
1578491311466,17,Search-2,200,OK,Main 1-14,bin,true,,652,440,16,16,https://www.bing.com:443/sa/simg/bing_p_rr_teal_min.ico,17,0,0
1578491311367,247,Search,200,OK,Main 1-5,text,true,,97533,829,16,16,https://www.bing.com:443/?toWww=1&redig=262B5E49F0BE4A9DBF2B1AFF9CE41543,97,0,32
1578491311367,97,Search-0,301,,Main 1-5,text,true,,1011,113,16,16,https://bing.com/,97,0,32
1578491311464,131,Search-1,200,OK,Main 1-5,text,true,,95870,276,16,16,https://www.bing.com:443/?toWww=1&redig=262B5E49F0BE4A9DBF2B1AFF9CE41543,115,0,40
1578491311596,18,Search-2,200,OK,Main 1-5,bin,true,,652,440,16,16,https://www.bing.com:443/sa/simg/bing_p_rr_teal_min.ico,18,0,0
1578491311617,294,Search,200,OK,Main 1-15,text,true,,97533,829,15,15,https://www.bing.com:443/?toWww=1&redig=382DDE2365764734BF37849BD32E2726,140,0,34
1578491311617,140,Search-0,301,,Main 1-15,text,true,,1011,113,15,15,https://bing.com/,140,0,34
1578491311757,135,Search-1,200,OK,Main 1-15,text,true,,95870,276,15,15,https://www.bing.com:443/?toWww=1&redig=382DDE2365764734BF37849BD32E2726,118,0,36
1578491311893,18,Search-2,200,OK,Main 1-15,bin,true,,652,440,15,15,https://www.bing.com:443/sa/simg/bing_p_rr_teal_min.ico,18,0,0
1578491311465,583,Search,200,OK,Main 1-9,text,true,,97532,829,15,15,https://www.bing.com:443/?toWww=1&redig=15AB4D926255406FB115B3BE851600FD,173,0,39
1578491311465,173,Search-0,301,,Main 1-9,text,true,,1011,113,15,15,https://bing.com/,173,0,39
1578491311638,379,Search-1,200,OK,Main 1-9,text,true,,95869,276,15,15,https://www.bing.com:443/?toWww=1&redig=15AB4D926255406FB115B3BE851600FD,358,0,35
1578491312020,28,Search-2,200,OK,Main 1-9,bin,true,,652,440,15,15,https://www.bing.com:443/sa/simg/bing_p_rr_teal_min.ico,28,0,0
1578491312015,307,Search,200,OK,Main 1-16,text,true,,97533,829,15,15,https://www.bing.com:443/?toWww=1&redig=99A43FDFE7DF4D10938F13CCACF8CE82,143,0,48
1578491312015,143,Search-0,301,,Main 1-16,text,true,,1011,113,15,15,https://bing.com/,143,0,48
1578491312159,142,Search-1,200,OK,Main 1-16,text,true,,95870,276,15,15,https://www.bing.com:443/?toWww=1&redig=99A43FDFE7DF4D10938F13CCACF8CE82,126,0,46
1578491312303,19,Search-2,200,OK,Main 1-16,bin,true,,652,440,15,15,https://www.bing.com:443/sa/simg/bing_p_rr_teal_min.ico,19,0,0
1578491312066,263,Search,200,OK,Main 1-6,text,true,,97533,829,15,15,https://www.bing.com:443/?toWww=1&redig=EFC5CFF76E774B049A4100988B6C684C,93,0,34
1578491312066,93,Search-0,301,,Main 1-6,text,true,,1011,113,15,15,https://bing.com/,93,0,34
1578491312159,144,Search-1,200,OK,Main 1-6,text,true,,95870,276,15,15,https://www.bing.com:443/?toWww=1&redig=EFC5CFF76E774B049A4100988B6C684C,128,0,48
1578491312304,25,Search-2,200,OK,Main 1-6,bin,true,,652,440,15,15,https://www.bing.com:443/sa/simg/bing_p_rr_teal_min.ico,25,0,0
1578491312265,262,Search,200,OK,Main 1-17,text,true,,97533,829,14,14,https://www.bing.com:443/?toWww=1&redig=25670F0EF62E421B883655C40138C297,96,0,36
1578491312265,96,Search-0,301,,Main 1-17,text,true,,1011,113,14,14,https://bing.com/,96,0,36
1578491312361,145,Search-1,200,OK,Main 1-17,text,true,,95870,276,14,14,https://www.bing.com:443/?toWww=1&redig=25670F0EF62E421B883655C40138C297,113,0,32
1578491312509,18,Search-2,200,OK,Main 1-17,bin,true,,652,440,14,14,https://www.bing.com:443/sa/simg/bing_p_rr_teal_min.ico,18,0,0
1578491312165,373,Search,200,OK,Main 1-10,text,true,,97533,829,14,14,https://www.bing.com:443/?toWww=1&redig=9A1E7465AE544860BE09911B6ABB8963,107,0,44
1578491312165,107,Search-0,301,,Main 1-10,text,true,,1011,113,14,14,https://bing.com/,107,0,44
1578491312272,239,Search-1,200,OK,Main 1-10,text,true,,95870,276,14,14,https://www.bing.com:443/?toWww=1&redig=9A1E7465AE544860BE09911B6ABB8963,115,0,37
1578491312515,23,Search-2,200,OK,Main 1-10,bin,true,,652,440,14,14,https://www.bing.com:443/sa/simg/bing_p_rr_teal_min.ico,23,0,0
1578491312566,246,Search,200,OK,Main 1-11,text,true,,97533,829,14,14,https://www.bing.com:443/?toWww=1&redig=8DFFE409396A4638A806A84AE0FDFAC0,97,0,33
1578491312566,97,Search-0,301,,Main 1-11,text,true,,1011,113,14,14,https://bing.com/,97,0,33
1578491312663,129,Search-1,200,OK,Main 1-11,text,true,,95870,276,14,14,https://www.bing.com:443/?toWww=1&redig=8DFFE409396A4638A806A84AE0FDFAC0,111,0,33
1578491312794,18,Search-2,200,OK,Main 1-11,bin,true,,652,440,14,14,https://www.bing.com:443/sa/simg/bing_p_rr_teal_min.ico,18,0,0
1578491312665,248,Search,200,OK,Main 1-18,text,true,,97533,829,14,14,https://www.bing.com:443/?toWww=1&redig=5AFC0209AEEE462086A4571D82A4B463,97,0,35
1578491312665,97,Search-0,301,,Main 1-18,text,true,,1011,113,14,14,https://bing.com/,97,0,35
1578491312763,128,Search-1,200,OK,Main 1-18,text,true,,95870,276,14,14,https://www.bing.com:443/?toWww=1&redig=5AFC0209AEEE462086A4571D82A4B463,112,0,35
1578491312893,20,Search-2,200,OK,Main 1-18,bin,true,,652,440,14,14,https://www.bing.com:443/sa/simg/bing_p_rr_teal_min.ico,20,0,0
1578491313067,267,Search,200,OK,Main 1-7,text,true,,97533,829,14,14,https://www.bing.com:443/?toWww=1&redig=7B0205659ACC40CA8505A21E652FD100,113,0,50
1578491313067,113,Search-0,301,,Main 1-7,text,true,,1011,113,14,14,https://bing.com/,113,0,50
1578491313181,133,Search-1,200,OK,Main 1-7,text,true,,95870,276,14,14,https://www.bing.com:443/?toWww=1&redig=7B0205659ACC40CA8505A21E652FD100,113,0,32
1578491313315,19,Search-2,200,OK,Main 1-7,bin,true,,652,440,14,14,https://www.bing.com:443/sa/simg/bing_p_rr_teal_min.ico,19,0,0
1578491313067,437,Search,200,OK,Main 1-19,text,true,,97532,829,13,13,https://www.bing.com:443/?toWww=1&redig=7747FC1559BD484183778603D7D4852C,213,0,48
1578491313067,213,Search-0,301,,Main 1-19,text,true,,1011,113,13,13,https://bing.com/,213,0,48
1578491313280,207,Search-1,200,OK,Main 1-19,text,true,,95869,276,13,13,https://www.bing.com:443/?toWww=1&redig=7747FC1559BD484183778603D7D4852C,190,0,44
1578491313488,16,Search-2,200,OK,Main 1-19,bin,true,,652,440,13,13,https://www.bing.com:443/sa/simg/bing_p_rr_teal_min.ico,16,0,0
1578491313265,285,Search,200,OK,Main 1-12,text,true,,97533,829,13,13,https://www.bing.com:443/?toWww=1&redig=65CCC83100AF4E148D96CEEA30D24347,118,0,58
1578491313265,118,Search-0,301,,Main 1-12,text,true,,1011,113,13,13,https://bing.com/,118,0,58
1578491313384,136,Search-1,200,OK,Main 1-12,text,true,,95870,276,13,13,https://www.bing.com:443/?toWww=1&redig=65CCC83100AF4E148D96CEEA30D24347,116,0,38
1578491313521,29,Search-2,200,OK,Main 1-12,bin,true,,652,440,13,13,https://www.bing.com:443/sa/simg/bing_p_rr_teal_min.ico,29,0,0
1578491313318,236,Search,200,OK,Main 1-20,text,true,,97533,829,13,13,https://www.bing.com:443/?toWww=1&redig=EC36B814640E4701B579114BA37E38F0,80,0,18
1578491313318,80,Search-0,301,,Main 1-20,text,true,,1011,113,13,13,https://bing.com/,80,0,18
1578491313399,135,Search-1,200,OK,Main 1-20,text,true,,95870,276,13,13,https://www.bing.com:443/?toWww=1&redig=EC36B814640E4701B579114BA37E38F0,117,0,34
1578491313535,19,Search-2,200,OK,Main 1-20,bin,true,,652,440,13,13,https://www.bing.com:443/sa/simg/bing_p_rr_teal_min.ico,19,0,0
1578491313317,312,Search,200,OK,Main 1-8,text,true,,97532,829,13,13,https://www.bing.com:443/?toWww=1&redig=F465CFE5ACAC48BDA03C270D37C9CB86,95,0,34
1578491313317,95,Search-0,301,,Main 1-8,text,true,,1011,113,13,13,https://bing.com/,95,0,34
1578491313412,199,Search-1,200,OK,Main 1-8,text,true,,95869,276,13,13,https://www.bing.com:443/?toWww=1&redig=F465CFE5ACAC48BDA03C270D37C9CB86,182,0,35
1578491313612,17,Search-2,200,OK,Main 1-8,bin,true,,652,440,13,13,https://www.bing.com:443/sa/simg/bing_p_rr_teal_min.ico,17,0,0
1578491313367,309,Search,200,OK,Main 1-13,text,true,,97533,829,12,12,https://www.bing.com:443/?toWww=1&redig=282259DA74C644E690307C12DE40AFD7,105,0,45
1578491313367,105,Search-0,301,,Main 1-13,text,true,,1011,113,12,12,https://bing.com/,105,0,45
1578491313472,183,Search-1,200,OK,Main 1-13,text,true,,95870,276,12,12,https://www.bing.com:443/?toWww=1&redig=282259DA74C644E690307C12DE40AFD7,166,0,38
1578491313656,20,Search-2,200,OK,Main 1-13,bin,true,,652,440,12,12,https://www.bing.com:443/sa/simg/bing_p_rr_teal_min.ico,20,0,0
1578491313715,326,Search,200,OK,Main 1-9,text,true,,97533,829,12,12,https://www.bing.com:443/?toWww=1&redig=6C6668FCE4C14362ADC2825CEA489AE4,162,0,34
1578491313715,162,Search-0,301,,Main 1-9,text,true,,1011,113,12,12,https://bing.com/,162,0,34
1578491313877,143,Search-1,200,OK,Main 1-9,text,true,,95870,276,12,12,https://www.bing.com:443/?toWww=1&redig=6C6668FCE4C14362ADC2825CEA489AE4,123,0,39
1578491314022,19,Search-2,200,OK,Main 1-9,bin,true,,652,440,12,12,https://www.bing.com:443/sa/simg/bing_p_rr_teal_min.ico,19,0,0
1578491313618,445,Search,200,OK,Main 1-14,text,true,,97533,829,11,11,https://www.bing.com:443/?toWww=1&redig=128BD7D62CE94EF4B88D8B909C029A92,291,0,35
1578491313618,291,Search-0,301,,Main 1-14,text,true,,1011,113,11,11,https://bing.com/,291,0,35
1578491313910,133,Search-1,200,OK,Main 1-14,text,true,,95870,276,11,11,https://www.bing.com:443/?toWww=1&redig=128BD7D62CE94EF4B88D8B909C029A92,117,0,34
1578491314045,18,Search-2,200,OK,Main 1-14,bin,true,,652,440,11,11,https://www.bing.com:443/sa/simg/bing_p_rr_teal_min.ico,18,0,0
1578491313866,256,Search,200,OK,Main 1-15,text,true,,97533,829,11,11,https://www.bing.com:443/?toWww=1&redig=267B3ED66B764D1BAB9A7029A6CCF1C9,98,0,39
1578491313866,98,Search-0,301,,Main 1-15,text,true,,1011,113,11,11,https://bing.com/,98,0,39
1578491313964,138,Search-1,200,OK,Main 1-15,text,true,,95870,276,11,11,https://www.bing.com:443/?toWww=1&redig=267B3ED66B764D1BAB9A7029A6CCF1C9,122,0,43
1578491314103,19,Search-2,200,OK,Main 1-15,bin,true,,652,440,11,11,https://www.bing.com:443/sa/simg/bing_p_rr_teal_min.ico,19,0,0
1578491314265,254,Search,200,OK,Main 1-16,text,true,,97533,829,11,11,https://www.bing.com:443/?toWww=1&redig=FD90AC724E3A48648056F3F23A85ED89,96,0,34
1578491314265,96,Search-0,301,,Main 1-16,text,true,,1011,113,11,11,https://bing.com/,96,0,34
1578491314362,139,Search-1,200,OK,Main 1-16,text,true,,95870,276,11,11,https://www.bing.com:443/?toWww=1&redig=FD90AC724E3A48648056F3F23A85ED89,123,0,44
1578491314502,17,Search-2,200,OK,Main 1-16,bin,true,,652,440,11,11,https://www.bing.com:443/sa/simg/bing_p_rr_teal_min.ico,17,0,0
1578491314265,400,Search,200,OK,Main 1-10,text,true,,97532,829,11,11,https://www.bing.com:443/?toWww=1&redig=35F0B6B4334D4B589F4B5D4274517264,179,0,34
1578491314265,179,Search-0,301,,Main 1-10,text,true,,1011,113,11,11,https://bing.com/,179,0,34
1578491314444,200,Search-1,200,OK,Main 1-10,text,true,,95869,276,11,11,https://www.bing.com:443/?toWww=1&redig=35F0B6B4334D4B589F4B5D4274517264,184,0,38
1578491314646,19,Search-2,200,OK,Main 1-10,bin,true,,652,440,11,11,https://www.bing.com:443/sa/simg/bing_p_rr_teal_min.ico,19,0,0
1578491314365,331,Search,200,OK,Main 1-17,text,true,,97532,829,10,10,https://www.bing.com:443/?toWww=1&redig=B2406CC8EE664945ADF38DA0F9CA44B2,111,0,43
1578491314365,111,Search-0,301,,Main 1-17,text,true,,1011,113,10,10,https://bing.com/,111,0,43
1578491314476,201,Search-1,200,OK,Main 1-17,text,true,,95869,276,10,10,https://www.bing.com:443/?toWww=1&redig=B2406CC8EE664945ADF38DA0F9CA44B2,185,0,39
1578491314678,18,Search-2,200,OK,Main 1-17,bin,true,,652,440,10,10,https://www.bing.com:443/sa/simg/bing_p_rr_teal_min.ico,18,0,0
1578491314666,261,Search,200,OK,Main 1-11,text,true,,97533,829,10,10,https://www.bing.com:443/?toWww=1&redig=5051DD9F5F844BB2934800474F911432,97,0,36
1578491314666,97,Search-0,301,,Main 1-11,text,true,,1011,113,10,10,https://bing.com/,97,0,36
1578491314764,146,Search-1,200,OK,Main 1-11,text,true,,95870,276,10,10,https://www.bing.com:443/?toWww=1&redig=5051DD9F5F844BB2934800474F911432,130,0,48
1578491314912,15,Search-2,200,OK,Main 1-11,bin,true,,652,440,10,10,https://www.bing.com:443/sa/simg/bing_p_rr_teal_min.ico,15,0,0
1578491314765,272,Search,200,OK,Main 1-18,text,true,,97533,829,9,9,https://www.bing.com:443/?toWww=1&redig=E48BA14A9A5C40D9AF76085202CFDA55,109,0,49
1578491314765,109,Search-0,301,,Main 1-18,text,true,,1011,113,9,9,https://bing.com/,109,0,49
1578491314875,138,Search-1,200,OK,Main 1-18,text,true,,95870,276,9,9,https://www.bing.com:443/?toWww=1&redig=E48BA14A9A5C40D9AF76085202CFDA55,118,0,38
1578491315015,22,Search-2,200,OK,Main 1-18,bin,true,,652,440,9,9,https://www.bing.com:443/sa/simg/bing_p_rr_teal_min.ico,22,0,0
1578491315015,168,Search,200,OK,Main 1-19,text,true,,97533,829,9,9,https://www.bing.com:443/?toWww=1&redig=D644F61C48F948A48CE0BA69E0C5EAE2,62,0,0
1578491315015,62,Search-0,301,,Main 1-19,text,true,,1011,113,9,9,https://bing.com/,62,0,0
1578491315077,87,Search-1,200,OK,Main 1-19,text,true,,95870,276,9,9,https://www.bing.com:443/?toWww=1&redig=D644F61C48F948A48CE0BA69E0C5EAE2,85,0,0
1578491315165,18,Search-2,200,OK,Main 1-19,bin,true,,652,440,9,9,https://www.bing.com:443/sa/simg/bing_p_rr_teal_min.ico,18,0,0
1578491315167,226,Search,200,OK,Main 1-13,text,true,,97533,829,9,9,https://www.bing.com:443/?toWww=1&redig=6182DF6B43C84DC3A2660A870387F889,126,0,0
1578491315167,126,Search-0,301,,Main 1-13,text,true,,1011,113,9,9,https://bing.com/,126,0,0
1578491315294,78,Search-1,200,OK,Main 1-13,text,true,,95870,276,9,9,https://www.bing.com:443/?toWww=1&redig=6182DF6B43C84DC3A2660A870387F889,75,0,0
1578491315375,18,Search-2,200,OK,Main 1-13,bin,true,,652,440,9,9,https://www.bing.com:443/sa/simg/bing_p_rr_teal_min.ico,18,0,0
1578491315268,227,Search,200,OK,Main 1-14,text,true,,97533,829,8,8,https://www.bing.com:443/?toWww=1&redig=A1654E9FC2CB4322B6FEE5A2092EB944,63,0,0
1578491315268,63,Search-0,301,,Main 1-14,text,true,,1011,113,8,8,https://bing.com/,63,0,0
1578491315331,89,Search-1,200,OK,Main 1-14,text,true,,95870,276,8,8,https://www.bing.com:443/?toWww=1&redig=A1654E9FC2CB4322B6FEE5A2092EB944,85,0,0
1578491315422,73,Search-2,200,OK,Main 1-14,bin,true,,652,440,8,8,https://www.bing.com:443/sa/simg/bing_p_rr_teal_min.ico,72,0,0
1578491315215,303,Search,200,OK,Main 1-12,text,true,,97533,829,7,7,https://www.bing.com:443/?toWww=1&redig=28F01B0BF96746EFBCAE44469CB37034,90,0,0
1578491315215,90,Search-0,301,,Main 1-12,text,true,,1011,113,7,7,https://bing.com/,90,0,0
1578491315305,83,Search-1,200,OK,Main 1-12,text,true,,95870,276,7,7,https://www.bing.com:443/?toWww=1&redig=28F01B0BF96746EFBCAE44469CB37034,81,0,0
1578491315391,127,Search-2,200,OK,Main 1-12,bin,true,,652,440,7,7,https://www.bing.com:443/sa/simg/bing_p_rr_teal_min.ico,127,0,105
1578491315268,281,Search,200,OK,Main 1-20,text,true,,97533,829,6,6,https://www.bing.com:443/?toWww=1&redig=24E7DB00B8AC4EA5820EB99197637635,61,0,0
1578491315268,61,Search-0,301,,Main 1-20,text,true,,1011,113,6,6,https://bing.com/,61,0,0
1578491315329,104,Search-1,200,OK,Main 1-20,text,true,,95870,276,6,6,https://www.bing.com:443/?toWww=1&redig=24E7DB00B8AC4EA5820EB99197637635,100,0,0
1578491315434,115,Search-2,200,OK,Main 1-20,bin,true,,652,440,6,6,https://www.bing.com:443/sa/simg/bing_p_rr_teal_min.ico,115,0,95
1578491315517,178,Search,200,OK,Main 1-15,text,true,,97533,829,6,6,https://www.bing.com:443/?toWww=1&redig=AB47CDBA72A04ECB969830233396C5D7,70,0,0
1578491315517,70,Search-0,301,,Main 1-15,text,true,,1011,113,6,6,https://bing.com/,70,0,0
1578491315588,85,Search-1,200,OK,Main 1-15,text,true,,95870,276,6,6,https://www.bing.com:443/?toWww=1&redig=AB47CDBA72A04ECB969830233396C5D7,83,0,0
1578491315676,19,Search-2,200,OK,Main 1-15,bin,true,,652,440,6,6,https://www.bing.com:443/sa/simg/bing_p_rr_teal_min.ico,19,0,0
1578491315865,164,Search,200,OK,Main 1-17,text,true,,97533,829,5,5,https://www.bing.com:443/?toWww=1&redig=E9DE171D2EF6410186FF193ADB8C8B3D,59,0,0
1578491315865,59,Search-0,301,,Main 1-17,text,true,,1011,113,5,5,https://bing.com/,59,0,0
1578491315924,83,Search-1,200,OK,Main 1-17,text,true,,95870,276,5,5,https://www.bing.com:443/?toWww=1&redig=E9DE171D2EF6410186FF193ADB8C8B3D,82,0,0
1578491316009,20,Search-2,200,OK,Main 1-17,bin,true,,652,440,5,5,https://www.bing.com:443/sa/simg/bing_p_rr_teal_min.ico,20,0,0
1578491315915,228,Search,200,OK,Main 1-16,text,true,,97532,829,4,4,https://www.bing.com:443/?toWww=1&redig=73DE5C4C531A4848A5EF4AAF2D88F18B,59,0,0
1578491315915,59,Search-0,301,,Main 1-16,text,true,,1011,113,4,4,https://bing.com/,59,0,0
1578491315975,147,Search-1,200,OK,Main 1-16,text,true,,95869,276,4,4,https://www.bing.com:443/?toWww=1&redig=73DE5C4C531A4848A5EF4AAF2D88F18B,146,0,0
1578491316126,17,Search-2,200,OK,Main 1-16,bin,true,,652,440,4,4,https://www.bing.com:443/sa/simg/bing_p_rr_teal_min.ico,17,0,0
1578491316115,162,Search,200,OK,Main 1-18,text,true,,97533,829,3,3,https://www.bing.com:443/?toWww=1&redig=B3011D5DD68942DD8FC8FC1125197372,61,0,0
1578491316115,61,Search-0,301,,Main 1-18,text,true,,1011,113,3,3,https://bing.com/,61,0,0
1578491316177,82,Search-1,200,OK,Main 1-18,text,true,,95870,276,3,3,https://www.bing.com:443/?toWww=1&redig=B3011D5DD68942DD8FC8FC1125197372,80,0,0
1578491316260,17,Search-2,200,OK,Main 1-18,bin,true,,652,440,3,3,https://www.bing.com:443/sa/simg/bing_p_rr_teal_min.ico,17,0,0
1578491316168,218,Search,200,OK,Main 1-20,text,true,,97533,829,2,2,https://www.bing.com:443/?toWww=1&redig=07B720FAEF874EF68197AE210418827A,94,0,33
1578491316168,94,Search-0,301,,Main 1-20,text,true,,1011,113,2,2,https://bing.com/,94,0,33
1578491316263,95,Search-1,200,OK,Main 1-20,text,true,,95870,276,2,2,https://www.bing.com:443/?toWww=1&redig=07B720FAEF874EF68197AE210418827A,78,0,0
1578491316359,27,Search-2,200,OK,Main 1-20,bin,true,,652,440,2,2,https://www.bing.com:443/sa/simg/bing_p_rr_teal_min.ico,27,0,0
1578491316366,362,Search,200,OK,Main 1-19,text,true,,97533,829,1,1,https://www.bing.com:443/?toWww=1&redig=463706EE1517425F95BD32011A1BC08B,213,0,86
1578491316366,213,Search-0,301,,Main 1-19,text,true,,1011,113,1,1,https://bing.com/,213,0,86
1578491316579,126,Search-1,200,OK,Main 1-19,text,true,,95870,276,1,1,https://www.bing.com:443/?toWww=1&redig=463706EE1517425F95BD32011A1BC08B,109,0,33
1578491316708,20,Search-2,200,OK,Main 1-19,bin,true,,652,440,1,1,https://www.bing.com:443/sa/simg/bing_p_rr_teal_min.ico,20,0,0
